INSERT INTO `pays` (`ID_PAYS`, `CODE_A1`, `CODE_A2`, `NAME`, `CREATED_BY`, `CREATED_DATE`, `MODIFIED_BY`, `MODIFIED_DATE`) VALUES (1, 'BO', 'BO', 'Bolivia', 'tuma', '2015-09-30 20:21:05', NULL, NULL);

INSERT INTO `departamento` (`ID_DEPARTAMENTO`, `NAME`, `CREATED_BY`, `CREATED_DATE`, `MODIFIED_BY`, `MODIFIED_DATE`, `FK_ID_PAYS`) VALUES (2, 'Cochabamba', 'tuma', '2015-09-30 20:27:10', NULL, NULL, 1);
INSERT INTO `departamento` (`ID_DEPARTAMENTO`, `NAME`, `CREATED_BY`, `CREATED_DATE`, `MODIFIED_BY`, `MODIFIED_DATE`, `FK_ID_PAYS`) VALUES (1, 'La Paz', 'tuma', '2015-09-30 20:26:23', NULL, NULL, 1);

INSERT INTO `municipio` (`ID_MUNICIPIO`, `NAME`, `CREATED_BY`, `CREATED_DATE`, `MODIFIED_BY`, `MODIFIED_DATE`, `FK_ID_DEPARTAMENTO`) VALUES (1, 'Yungas', 'tuma', '2015-09-30 20:27:42', NULL, NULL, 1);
INSERT INTO `municipio` (`ID_MUNICIPIO`, `NAME`, `CREATED_BY`, `CREATED_DATE`, `MODIFIED_BY`, `MODIFIED_DATE`, `FK_ID_DEPARTAMENTO`) VALUES (2, 'El Alto', 'tuma', '2015-09-30 20:28:12', NULL, NULL, 1);
INSERT INTO `municipio` (`ID_MUNICIPIO`, `NAME`, `CREATED_BY`, `CREATED_DATE`, `MODIFIED_BY`, `MODIFIED_DATE`, `FK_ID_DEPARTAMENTO`) VALUES (3, 'Quillakollo', 'tuma', '2015-09-30 20:28:43', NULL, NULL, 2);

INSERT INTO `category` (`ID_CATEGORY`, `DIFFICULTY`, `FULLNAME`, `NAME`, `STATUS`, `CREATED_BY`, `CREATED_DATE`, `MODIFIED_BY`, `MODIFIED_DATE`, `FK_PARENT_CATEGORY`) VALUES (1, 0, 'ROOT/Vehicules', 'Vehicules', 'ACTIVE', 'tuma', '2015-09-30 20:35:54', NULL, NULL, NULL);
INSERT INTO `category` (`ID_CATEGORY`, `DIFFICULTY`, `FULLNAME`, `NAME`, `STATUS`, `CREATED_BY`, `CREATED_DATE`, `MODIFIED_BY`, `MODIFIED_DATE`, `FK_PARENT_CATEGORY`) VALUES (2, 0, 'ROOT/Vehicules/Automobile', 'Automobile', 'ACTIVE', 'tuma', '2015-09-30 20:36:06', NULL, NULL, 1);

INSERT INTO `criterio` (`ID_CRITERIO`, `DESCRIPTION`, `HTML_TYPES`, `NAME`, `NAME_CRITERIO_VALUES`, `TYPE_CRITERIO`, `CREATED_BY`, `CREATED_DATE`, `MODIFIED_BY`, `MODIFIED_DATE`, `FK_ID_CATEGORY`) VALUES (1, 'Marca del auto', 'SELECT', 'Marca', 'Modelo', 'MULTIPLE', 'tuma', '2015-09-30 20:37:46', NULL, NULL, 2);
INSERT INTO `criterio` (`ID_CRITERIO`, `DESCRIPTION`, `HTML_TYPES`, `NAME`, `NAME_CRITERIO_VALUES`, `TYPE_CRITERIO`, `CREATED_BY`, `CREATED_DATE`, `MODIFIED_BY`, `MODIFIED_DATE`, `FK_ID_CATEGORY`) VALUES (2, '', 'SELECT', 'Carburant', '', 'SINGLE', 'tuma', '2015-09-30 20:45:58', NULL, NULL, 2);

INSERT INTO `criterio_value` (`ID_CRITERIO_VALUE`, `NAME`, `TYPE_FIELD`, `FK_ID_CRITERIO`) VALUES (1, 'Ford', 'STRING', 1);
INSERT INTO `criterio_value` (`ID_CRITERIO_VALUE`, `NAME`, `TYPE_FIELD`, `FK_ID_CRITERIO`) VALUES (2, 'Diesel', 'STRING', 2);
INSERT INTO `criterio_value` (`ID_CRITERIO_VALUE`, `NAME`, `TYPE_FIELD`, `FK_ID_CRITERIO`) VALUES (3, 'Essence', 'STRING', 2);
INSERT INTO `criterio_value` (`ID_CRITERIO_VALUE`, `NAME`, `TYPE_FIELD`, `FK_ID_CRITERIO`) VALUES (4, 'Toyota', 'STRING', 1);

INSERT INTO `critero_value_child` (`FK_ID_CRITERIO_VALUE`, `NAME_CRITERIO_VALUE`, `VALUE_CHILD`) VALUES (1, 'Ford', 'Tempo');
INSERT INTO `critero_value_child` (`FK_ID_CRITERIO_VALUE`, `NAME_CRITERIO_VALUE`, `VALUE_CHILD`) VALUES (1, 'Ford', 'Escort');
INSERT INTO `critero_value_child` (`FK_ID_CRITERIO_VALUE`, `NAME_CRITERIO_VALUE`, `VALUE_CHILD`) VALUES (4, 'Toyota', 'Tercel');
INSERT INTO `critero_value_child` (`FK_ID_CRITERIO_VALUE`, `NAME_CRITERIO_VALUE`, `VALUE_CHILD`) VALUES (4, 'Toyota', 'Corolla');

commit;